create table TestProduct (key1 serial, product varchar(120), primary key(key1), index(product)); 
create table TestProductDetails (key2 serial, foreignkey int not null, storename varchar(120), price decimal(8,2), primary key(key2), index(foreignkey));

insert into TestProduct (product) values (''); 
insert into TestProduct (product) values (''); 
insert into TestProduct (product) values (''); 

insert into TestProductDetails (foreignkey, storename, price) values ( , '' , );
insert into TestProductDetails (foreignkey, storename, price) values ( , '' , );
insert into TestProductDetails (foreignkey, storename, price) values ( , '' , );
insert into TestProductDetails (foreignkey, storename, price) values ( , '' , );
insert into TestProductDetails (foreignkey, storename, price) values ( , '' , );
insert into TestProductDetails (foreignkey, storename, price) values ( , '' , );
insert into TestProductDetails (foreignkey, storename, price) values ( , '' , );
insert into TestProductDetails (foreignkey, storename, price) values ( , '' , );

insert into TestProduct (product) values ('milk'); 
insert into TestProduct (product) values ('bread'); 
insert into TestProduct (product) values ('cheese'); 

insert into TestProductDetails (foreignkey, storename, price) values (1 , 'Grocery' ,2.89 );
insert into TestProductDetails (foreignkey, storename, price) values (1 , 'Convenience' ,1.99 );
insert into TestProductDetails (foreignkey, storename, price) values (1 , 'Grocery' ,1.99 );
insert into TestProductDetails (foreignkey, storename, price) values (1 , 'Grocery' ,1.99 );
insert into TestProductDetails (foreignkey, storename, price) values (2 , 'Grocery' , 3.49 );
insert into TestProductDetails (foreignkey, storename, price) values (2 , 'Convenience' , 2.99 );
insert into TestProductDetails (foreignkey, storename, price) values (2 , 'Convenience' , 2.99 );
insert into TestProductDetails (foreignkey, storename, price) values (3 , 'Grocery' , 8.99);
insert into TestProductDetails (foreignkey, storename, price) values (3 , 'Grocery' , 7.89);
insert into TestProductDetails (foreignkey, storename, price) values (3 , 'Convenience' , 7.89);
insert into TestProductDetails (foreignkey, storename, price) values (3 , 'Grocery' , 8.99);

mysql> select * from TestProduct;
+------+---------+
| key1 | product |
+------+---------+
|    1 | milk    |
|    2 | bread   |
|    3 | cheese  |
+------+---------+
3 rows in set (0.07 sec)

mysql> select * from TestProductDetails;
+------+------------+-------------+-------+
| key2 | foreignkey | storename   | price |
+------+------------+-------------+-------+
|    1 |          1 | Grocery     |  2.89 |
|    2 |          1 | Convenience |  1.99 |
|    3 |          1 | Grocery     |  1.99 |
|    4 |          1 | Grocery     |  1.99 |
|    5 |          2 | Grocery     |  3.49 |
|    6 |          2 | Convenience |  2.99 |
|    7 |          2 | Convenience |  2.99 |
|    8 |          3 | Grocery     |  8.99 |
|    9 |          3 | Grocery     |  7.89 |
|   10 |          3 | Convenience |  7.89 |
|   11 |          3 | Grocery     |  8.99 |
+------+------------+-------------+-------+
11 rows in set (0.10 sec)

